名前,カラーコード,R,G,B,備考/変更歴・サブカラーなど,ファンマーク
,,,,,,
月ノ美兎,#E43F3B,228,63,59,,🐰
勇気ちひろ,#7BB3EE,123,179,238,,🎀💙
える,#E2364F,226,54,79,#E1364E→2019/08/24変更,なし
渋谷ハジメ,#D7FAD7,215,250,215,,🍁
樋口楓,#FBAF71,251,175,113,#F3AB6F→2019/08/24変更,"💜,🥦*1"
静凛,#745399,116,83,153,Twitterアンケートで1位となった色,🌱
鈴谷アキ,#F2F9C3,242,249,195,,🐈
モイラ,#91ABD0,145,171,208,,(なし)*2 ﾓ*3
鈴鹿詩子,#FA4F62,250,79,98,#FA4E62→2019/08/24変更,🎶
宇志海いちご,#FFCACE,255,202,206,,🍓
家長むぎ,#FF899D,255,137,157,#FE899D→2019/08/24変更,🌷
夕陽リリ,#BFFFFF,191,255,255,,🌇
物述有栖,#81D4E2,129,212,226,#80D4E2→2019/08/24変更,♥️♠️♦️♣️
文野環,#EBDDB4,235,221,180,,🐟
伏見ガク,#FFCB5B,255,203,91,#FECB5B→2019/08/24変更,"✌,🦊"
ギルザレンⅢ世,#002FA7,0,47,167,,🏰🌕*4
剣持刀也,#A590AF,165,144,175,,⚔️
森中花咲,#C8F39A,200,243,154,#C7F39A→2019/08/24変更,"🐻,🌼*5"
叶,#ABD3D8,171,211,216,,🔫
赤羽葉子,#CA636C,202,99,108,,💀
笹木咲,#EF9AAF,239,154,175,,🎋
闇夜乃モルル,#EC4676,236,70,118,,🍜
本間ひまわり,#FBE340,251,227,64,#FD9D45→2019/08/24 #FF9D46へ変更→2019/10/11変更,🌻
魔界ノりりむ,#EF6F94,239,111,148,#D34968→2019/08/24 #D44968へ変更→2021/09/13の先行告知を経て同年10/02変更,🍼
葛葉,#ACA7BB,172,167,187,,(なし)*6
雪汝,#85AFE9,133,175,233,,❄️
椎名唯華,#F1C8DE,241,200,222,,👻
ドーラ,#A83E4A,168,62,74,,🔥
海夜叉神,#7DC5ED,125,197,237,,⛩️
名伽尾アズマ,#F7A57D,247,165,125,,☀️
出雲霞,#A9D6E3,169,214,227,,🦑
轟京子,#E66186,230,97,134,#F8A69A→2023/05頃変更,🐐
シスター・クレア,#DFC6A8,223,198,168,#DFC6AB→2019/08/24変更*2,🔔
花畑チャイカ,#40CF84,64,207,132,,🌵
社築,#B6C6F2,182,198,242,,🖥
安土桃,#F295CE,242,149,206,,‏🍑
鈴木勝,#7B788A,123,120,138,,☪️
緑仙,#5DCCAB,93,204,171,,🐼*7
卯月コウ,#F9E97A,249,233,122,,🌙*8
八朔ゆず,#FCCA4D,252,202,77,,🍊
神田笑一,#F4D35B,244,211,91,,"🔪,🍅"
鳴門こがね,---,,,,本項目基準のカラーコードが公開された時点（2019/02/04）で卒業済み,
飛鳥ひな,#FAD8DC,250,216,220,,🐤
春崎エアル,#4B5F9E,75,95,158,,🍭
雨森小夜,#756F7D,117,111,125,,"☂️,☔️"
鷹宮リオン,#CC3D7B,204,61,123,,🦅
舞元啓介,#094078,9,64,120,#AFC9A4→2021/03/09変更,👨‍🌾
竜胆尊,#745BFF,116,91,255,#CCCEF6→2019/08/08変更,🍶⚜️
でびでび・でびる,#444C7D,68,76,125,,🚪👿
桜凛月,#C57FC7,197,127,199,,🌸
町田ちま,#80C8EF,128,200,239,#EDDDBB→2023/08/11の配信・08/12のポストにて変更発表、公式サイトは08/14変更,🐹
月見しずく,#E354AF,227,84,175,,🎑💊
ジョー・力一,#D598DD,213,152,221,,"🤡,🎈"
遠北千南,#FCC5DC,252,197,220,,🍬
成瀬鳴,#E06489,224,100,137,,🎙*9
ベルモンド・バンデラス,#683D46,104,61,70,,🥃
矢車りね,#FEECD8,254,236,216,,🌽
夢追翔,#AC324B,172,50,75,,🎤
黒井しば,#585C82,88,92,130,,🐕🐾
童田明治,#E34E4F,227,78,79,,🐺🍎
久遠千歳,#FBD5F1,251,213,241,#FAD5F0→2019/08/24変更,🧠
郡道美玲,#A20063,162,0,99,#836000（いつから.link実装直後のみ）→2019/02/04変更,🐽
夢月ロア,#D8368D,216,54,141,,🌖
小野町春香,#FF336E,255,51,110,,♨️
語部紡,#07A4E3,7,164,227,,"🧂*10,📘*11"
瀬戸美夜子,#C4FF2B,196,255,43,,📷💚
御伽原江良,#FFBE5C,255,190,92,,🏰🕛
戌亥とこ,#92F3A4,146,243,164,#9D3757→2023/03/02 #86B368へ変更→同年06/01変更,🍹
アンジュ・カトリーナ,#C83C35,200,60,53,,⚖️
リゼ・ヘルエスタ,#42FFFF,66,255,255,,👑
三枝明那,#F03C32,240,60,50,#392D47→2022/05/08変更,🌶️
愛園愛美,#F98FB7,249,143,183,,💕
鈴原るる,#FFADBB,255,173,187,#D7AFA8→2026/06/23の配信・06/24のポストにて変更発表,🎨
雪城眞尋,#B4E9FF,180,233,255,,🌐💫
エクス・アルビオ,#5C9BBC,92,155,188,,🛡
レヴィ・エリファ,#FF5A00,255,90,0,#E8E1E8→2024/08/18変更,🔲
葉山舞鈴,#72D5CE,114,213,206,#D9EC33→2022/09頃変更,🍃🗻
ニュイ・ソシエール,#D24E5F,210,78,95,,🎃
葉加瀬冬雪,#EEFFFF,238,255,255,,⚗️
加賀美ハヤト,#B9ADB9,185,173,185,,🏢
夜見れな,#F7265A,247,38,90,,🎩🐤
黛灰,#086776,8,103,118,,(💻💙)*12
アルス・アルマル,#7FD6E2,127,214,226,,📕
相羽ういは,#324CAC,50,76,172,,🍮💎
天宮こころ,#C5EDFF,197,237,255,#C6ECFF→2019/08/24変更,🎐
エリー・コニファー,#DAFFF9,218,255,249,#DAFFF8→2019/08/24変更,🌲
ラトナ・プティ,#F36C21,243,108,33,#F8B759→2024/10/15変更,🐻💎
早瀬走,#AA7BE8,170,123,232,,🏃‍♀️💨or🚴‍♀️*13
健屋花那,#FF2FA2,255,47,162,,💉💘
シェリン・バーガンディ,#6C2735,108,39,53,色名：バーガンディー,🧐
フミ,#F4E49D,244,228,157,,🔖
星川サラ,#FAB80D,250,184,13,,🌟
山神カルタ,#384B5A,56,75,90,,🎴
えま★おうがすと,#B32F51,179,47,81,,★
ルイス・キャミー,#E86A74,232,106,116,,❤️🦋
魔使マオ,#C93965,201,57,101,,💥
不破湊,#BF69F4,191,105,244,,🥂✨
白雪巴,#6E3FE7,110,63,231,,👠⛓
グウェル・オス・ガール,#F04B2D,240,75,45,,😎
ましろ爻,#1E2232,30,34,50,#1E2233→2020/04/07変更,🧷
奈羅花,#A02655,160,38,85,,✖🍳
来栖夏芽,#8AD1EF,138,209,239,#880223→2022/11/04変更,🐏🎵
フレン・E・ルスタリオ,#EC1D2F,236,29,47,,🎠
メリッサ・キンレンカ,#D3F377,211,243,119,,🐝
イブラヒム,#7CA1F0,124,161,240,,💧
長尾景,#625DA1,98,93,161,,☯
弦月藤士郎,#B43246,180,50,70,#487591→2023/05/02変更,🎻🛵
甲斐田晴,#4DD7E3,77,215,227,,🌞
空星きらめ,#44DDF4,68,221,244,,🌌
朝日南アカネ,#B7282E,183,40,46,色名：茜あかね色,🦖🎖
周央サンゴ,#EF8468,239,132,104,色名：珊瑚さんご色,💞🦩*14
東堂コハク,#EA930A,234,147,10,色名：琥珀こはく色,🍯
北小路ヒスイ,#38B48B,56,180,139,色名：翡翠ひすい色,❇️*15
西園チグサ,#3A8FB7,58,143,183,色名：千草ちぐさ色,🐬🌱
アクシア・クローネ,#00A6FE,0,166,254,,🐈‍⬛*16
ローレン・イロアス,#C10E49,193,14,73,,🗝💸*17
レオス・ヴィンセント,#234A87,35,74,135,,🥼🌱😺
オリバー・エバンス,#BCC37E,188,195,126,,🍵
レイン・パターソン,#F74848,247,72,72,,❤️‍🔥*19
天ヶ瀬むゆ,#FA5578,250,85,120,,💭
先斗寧,#5A7DFF,90,125,255,,🫐
海妹四葉,#FFE632,255,230,50,,🍀
壱百満天原サロメ,#CD3796,205,55,150,,💯🦂
風楽奏斗,#F0F0F5,240,240,245,サブカラー：#FAD246（初配信より）,🍝🍷
渡会雲雀,#192332,25,35,50,サブカラー：#CD3764（ミューコミVR出演時の発言より),♦☕
四季凪アキラ,#235AAA,35,90,170,サブカラー： 紫 （カラーコード不明）,📄*20
セラフ・ダズルガーデン,#DC3C41,220,60,65,サブカラー： 青 （カラーコード不明）,🦉🎻
小清水透,#CDA5FF,205,165,255,,🫧*26
獅子堂あかり,#FFD728,255,215,40,,🐱💫
鏑木ろこ,#198CAA,25,140,170,,🍕🎢
五十嵐梨花,#FF8C3C,255,140,60,,⚾🧡
石神のぞみ,#E6325F,230,50,95,,❤️‍🩹*27
ソフィア・ヴァレンタイン,#C8C3DC,200,195,220,,🐰🗞
倉持めると,#EB4682,235,70,130,,🧸🌙
佐伯イッテツ,#8C4664,140,70,100,,🤝
赤城ウェン,#FF8C9B,255,140,155,,🍱🦖
宇佐美リト,#FAC31E,250,195,30,,🌩🦒*28
緋八マナ,#64C8F0,100,200,240,,🐝🤣
星導ショウ,#A58CDC,165,140,220,,🐙🌟
叢雲カゲツ,#6EB487,110,180,135,,🥷🔫
小柳ロウ,#5A5FAA,90,95,170,,👻🔪
伊波ライ,#DCFF50,220,255,80,,💡
立伝都々,#C31E5A,195,30,90,サブカラー：#8FDED0（初配信より）,🪓🎀
栞葉るり,#2887FF,40,135,255,,🚓🐾
ミラン・ケストレル,#2C35BD,44,53,189,,🦋⏳
北見遊征,#FF6E1E,255,110,30,サブカラー：#BEBED2（初配信より）,📿🍔
魁星,#0C6F72,12,111,114,,🔑🐍
榊ネス,#C2AAE6,194,170,230,,🫖🌿
司賀りこ,#FFE36C,255,227,108,サブカラー：#839DDE（宣材写真お披露目配信より）,📒
珠乃井ナナ,#63AED9,99,174,217,サブカラー：#FFC547（初配信より）,🛼
綺沙良,#846FC7,132,111,199,サブカラー：#9394B2（初配信より）,🪞
梢桃音,#FFC6E2,255,198,226,サブカラー：#DECDFC（初配信より）,🪷
ルンルン,#D8E9FC,216,233,252,サブカラー：#F6F9FF（ポストより）,🥨🍚
七瀬すず菜,#9DD9B9,157,217,185,#B9E089→2026/04/01変更、サブカラー：#EA6969（初配信より）,🥗
早乙女ベリー,#DF6D7C,223,109,124,サブカラー：#BE9BCD（初配信より）,🍰🧁
雲母たまこ,#FFD264,255,210,100,サブカラー：#E9674D（初配信より）,🐣📛
酒寄颯馬,#BA6EA5,186,110,165,サブカラー：#E4DDD2（初配信より）,🍇
渚トラウト,#77B6C2,119,182,194,サブカラー：#FAA370（ポストより）,🐟🍴
一橋綾人,#9FCEC9,159,206,201,サブカラー：#EFEFEF（雑談配信より）,📚🗣
五木左京,#F3A4A9,243,164,169,サブカラー：#A7A5AD（雑談配信より）,💼📊
十河ののは,#7DC7B0,125,199,176,サブカラー：#E1CC57（初配信より）,♫🐌
夜牛詩乃,#BD81D4,189,129,212,サブカラー：#F0BBC6（初配信より）,♫💮
蝸堂みかる,#FFE673,255,230,115,サブカラー：#9ADBEB（初配信より）,♫🦎
猫屋敷美紅,#FF8C73,255,140,115,サブカラー：#9992E8（ポストより）,♫💐
皇れお,#EEB1CC,238,177,204,サブカラー：#9BF4E8（初配信より）,👑🌸
篠宮ゆの,#AAD9F4,170,217,244,サブカラー：#F8F482（マシュマロ開封配信より）,💍📘
城瀬いすみ,#E5E2F6,229,226,246,サブカラー：#F7CFEA（初配信より）,🏰🍬
花籠つばさ,#818FBF,129,143,191,サブカラー：#A3DADE（初配信より）,🧢🪽
白砂あやね,#54A2E5,84,162,229,サブカラー：#A2E4C7（初配信より）,🏖️🫶
水面まどか,#FF8184,255,129,132,サブカラー：#FEBF96（初配信より）,🪟🫶
男虎,#442657,68,38,87,,👊🐯
九里詠太,#CC8F7A,204,143,122,サブカラー：#72A7D1（初配信より）,🧰✂️
小々波いるか,#4270B2,66,112,178,サブカラー：#8EBAE8（初配信より、訂正ポスト）,🫧🐬
千凛あゆむ,#543298,84,50,152,サブカラー：#C16EC8（初配信より）,💜🗯️
塚原大地,#4A4A5C,74,74,92,サブカラー：#A44545（初配信より）,🗡🐼
御子神琴音,#D0669A,208,102,154,,🥢
Rei7,#4BB3CE,75,179,206,サブカラー：#5B6681（初配信より）,🦈✦
レヨン,#558E8D,85,142,141,,🎮️🥇
ぷりん・らら・もーど,#FFCEF1,255,206,241,サブカラー：#A0DBFF（自己紹介配信より）,🍮💌
ぽめろ・ぱんち,#FFEEA0,255,238,160,,🌠👊
神永タイガ,#E4D571,228,213,113,サブカラー：#7EBAB8（初配信より）,🐅🎻
山田龍一郎,#82ACC8,130,172,200,サブカラー：#B5B6B6（初配信より）,⛰️🎹