agency,name,color
Hololive,ときのそら,#56B5D7
Hololive,ロボ子さん,#56B5D7
Hololive,アキ・ローゼンタール,#56B5D7
Hololive,赤井はあと,#56B5D7
Hololive,白上フブキ,#56B5D7
Hololive,夏色まつり,#56B5D7
Hololive,百鬼あやめ,#56B5D7
Hololive,癒月ちょこ,#56B5D7
Hololive,大空スバル,#56B5D7
Hololive,AZKi,#56B5D7
Hololive,大神ミオ,#56B5D7
Hololive,さくらみこ,#56B5D7
Hololive,猫又おかゆ,#56B5D7
Hololive,戌神ころね,#56B5D7
Hololive,星街すいせい,#56B5D7
Hololive,兎田ぺこら,#56B5D7
Hololive,不知火フレア,#56B5D7
Hololive,白銀ノエル,#56B5D7
Hololive,宝鐘マリン,#56B5D7
Hololive,角巻わため,#56B5D7
Hololive,常闇トワ,#56B5D7
Hololive,姫森ルーナ,#56B5D7
Hololive,獅白ぼたん,#56B5D7
Hololive,尾丸ポルカ,#56B5D7
Hololive,ラプラス・ダークネス,#56B5D7
Hololive,鷹嶺ルイ,#56B5D7
Hololive,博衣こより,#56B5D7
Hololive,風真いろは,#56B5D7
Hololive,【配信活動終了】 沙花叉クロヱ,#56B5D7
Hololive,【卒業生】 湊あくあ,#56B5D7
Hololive,【卒業生】 紫咲シオン,#56B5D7
Hololive,【卒業生】 天音かなた,#56B5D7
Hololive,【卒業生】 桐生ココ,#56B5D7
Hololive,音乃瀬奏,#56B5D7
Hololive,一条莉々華,#56B5D7
Hololive,儒烏風亭らでん,#56B5D7
Hololive,轟はじめ,#56B5D7
Hololive,響咲リオナ,#56B5D7
Hololive,虎金妃笑虎,#56B5D7
Hololive,水宮枢,#56B5D7
Hololive,輪堂千速,#56B5D7
Hololive,綺々羅々ヴィヴィ,#56B5D7
Hololive,【卒業生】 火威青,#56B5D7
Nijisanji,葛葉,#2C2C2C
Nijisanji,壱百満天原サロメ,#2C2C2C
Nijisanji,月ノ美兎,#2C2C2C
Nijisanji,ヴォックス・アクマ,#2C2C2C
Nijisanji,剣持刀也,#2C2C2C
Nijisanji,星川サラ,#2C2C2C
Nijisanji,不破湊,#2C2C2C
Nijisanji,ローレン・イロアス,#2C2C2C
Nijisanji,ルカ・カネシロ,#2C2C2C
Nijisanji,樋口楓,#2C2C2C
Nijisanji,アンジュ・カトリーナ,#2C2C2C
Nijisanji,戌亥とこ,#2C2C2C
Nijisanji,リゼ・ヘルエスタ,#2C2C2C
Nijisanji,笹木咲,#2C2C2C
Nijisanji,闇ノシュウ,#2C2C2C
Nijisanji,加賀美ハヤト,#2C2C2C
Nijisanji,町田ちま,#2C2C2C
Nijisanji,社築,#2C2C2C
Nijisanji,イブラヒム,#2C2C2C
Nijisanji,ルンルン,#2C2C2C
Nijisanji,椎名唯華,#2C2C2C
Nijisanji,アルス・アルマル,#2C2C2C
Nijisanji,フレン・E・ルスタリオ,#2C2C2C
Nijisanji,天宮こころ,#2C2C2C
Nijisanji,緑仙,#2C2C2C
Nijisanji,本間ひまわり,#2C2C2C
Nijisanji,鈴原るる,#2C2C2C
Nijisanji,アルバーン・ノックス,#2C2C2C
Nijisanji,甲斐田晴,#2C2C2C
Nijisanji,える,#2C2C2C
Nijisanji,狂蘭 メロコ,#2C2C2C
Nijisanji,ニュイ・ソシエール,#2C2C2C
Nijisanji,西園チグサ,#2C2C2C
Nijisanji,周央サンゴ,#2C2C2C
Nijisanji,浮奇・ヴィオレタ,#2C2C2C
Nijisanji,ジョー・力一,#2C2C2C
Nijisanji,渡会雲雀,#2C2C2C
Nijisanji,健屋花那,#2C2C2C
Nijisanji,でびでび・でびる,#2C2C2C
Nijisanji,エナー・アールウェット,#2C2C2C
Nijisanji,ラトナ・プティ,#2C2C2C
Nijisanji,シスター・クレア,#2C2C2C
Nijisanji,葉山舞鈴,#2C2C2C
Nijisanji,ましろ爻,#2C2C2C
Nijisanji,夜見れな,#2C2C2C
Nijisanji,魔界ノりりむ,#2C2C2C
Nijisanji,竜胆尊,#2C2C2C
Nijisanji,エクス・アルビオ,#2C2C2C
Nijisanji,長尾景,#2C2C2C
Nijisanji,鷹宮リオン,#2C2C2C
Nijisanji,レン ゾット,#2C2C2C
Nijisanji,サニー・ブリスコー,#2C2C2C
Nijisanji,エリーラ ペンドラ,#2C2C2C
Nijisanji,レオス・ヴィンセント,#2C2C2C
Nijisanji,ペトラ グリン,#2C2C2C
Nijisanji,小柳ロウ,#2C2C2C
Nijisanji,四季凪アキラ,#2C2C2C
Nijisanji,ベルモンド・バンデラス,#2C2C2C
Nijisanji,ミリー・パフェ,#2C2C2C
Nijisanji,星導ショウ,#2C2C2C
Nijisanji,葉加瀬冬雪,#2C2C2C
Nijisanji,マリア マリオネット,#2C2C2C
Nijisanji,フィナーナ 竜宮,#2C2C2C
Nijisanji,舞元啓介,#2C2C2C
Nijisanji,レイン・パターソン,#2C2C2C
Nijisanji,白雪巴,#2C2C2C
Nijisanji,卯月コウ,#2C2C2C
Nijisanji,文野環,#2C2C2C
Nijisanji,石神のぞみ,#2C2C2C
Nijisanji,風楽奏斗,#2C2C2C
Nijisanji,夕陽リリ,#2C2C2C
Nijisanji,セラフ・ダズルガーデン,#2C2C2C
Nijisanji,緋八マナ,#2C2C2C
Nijisanji,伊波ライ,#2C2C2C
Nijisanji,シェリン・バーガンディ,#2C2C2C
Nijisanji,弦月藤士郎,#2C2C2C
Nijisanji,佐伯イッテツ,#2C2C2C
Nijisanji,ソフィア・ヴァレンタイン,#2C2C2C
Nijisanji,静凛,#2C2C2C
Nijisanji,小清水透,#2C2C2C
Nijisanji,夢追翔,#2C2C2C
Nijisanji,叢雲カゲツ,#2C2C2C
Nijisanji,宇佐美リト,#2C2C2C
Nijisanji,レヴィ・エリファ,#2C2C2C
Nijisanji,伏見ガク,#2C2C2C
Nijisanji,ドーラ,#2C2C2C
Nijisanji,魁星,#2C2C2C
Nijisanji,オリバー・エバンス,#2C2C2C
Nijisanji,スカーレ ヨナグニ,#2C2C2C
Nijisanji,珠乃井ナナ,#2C2C2C
Nijisanji,五十嵐梨花,#2C2C2C
Nijisanji,赤城ウェン,#2C2C2C
Nijisanji,榊ネス,#2C2C2C
Nijisanji,獅子堂あかり,#2C2C2C
Nijisanji,夢月ロア,#2C2C2C
Nijisanji,森中花咲,#2C2C2C
Nijisanji,ヤン ナリ,#2C2C2C
Nijisanji,北小路ヒスイ,#2C2C2C
Nijisanji,鈴木勝,#2C2C2C
Nijisanji,先斗寧,#2C2C2C
Nijisanji,魔使マオ,#2C2C2C
Nijisanji,ミラン・ケストレル,#2C2C2C
Nijisanji,ベンタクロウ ブリンガー,#2C2C2C
Nijisanji,家長むぎ,#2C2C2C
Nijisanji,渚トラウト,#2C2C2C
Nijisanji,早乙女ベリー,#2C2C2C
Nijisanji,黒井しば,#2C2C2C
Nijisanji,早瀬走,#2C2C2C
Nijisanji,倉持めると,#2C2C2C
Nijisanji,山神カルタ,#2C2C2C
Nijisanji,北見遊征,#2C2C2C
Nijisanji,アイア アマレ,#2C2C2C
Nijisanji,桜凛月,#2C2C2C
Nijisanji,ハナ マキア,#2C2C2C
Nijisanji,フミ,#2C2C2C
Nijisanji,酒寄颯馬,#2C2C2C
Nijisanji,海妹四葉,#2C2C2C
Nijisanji,神田笑一,#2C2C2C
Nijisanji,来栖夏芽,#2C2C2C
Nijisanji,ドッピオ ドロップサイト,#2C2C2C
Nijisanji,物述有栖,#2C2C2C
Nijisanji,ルイス・キャミー,#2C2C2C
Nijisanji,鏑木ろこ,#2C2C2C
Nijisanji,司賀りこ,#2C2C2C
Nijisanji,エリー・コニファー,#2C2C2C
Nijisanji,ヴェール ヴァーミリオン,#2C2C2C
Nijisanji,ユウ Q ウィルソン,#2C2C2C
Nijisanji,えま★おうがすと,#2C2C2C
Nijisanji,セフィナ,#2C2C2C
Nijisanji,ヴェザリウス バンデージ,#2C2C2C
Nijisanji,ケイリクス・デボネア,#2C2C2C
Nijisanji,綺沙良,#2C2C2C
Nijisanji,赤羽葉子,#2C2C2C
Nijisanji,雲母たまこ,#2C2C2C
Nijisanji,空星きらめ,#2C2C2C
Nijisanji,一橋綾人,#2C2C2C
Nijisanji,矢車りね,#2C2C2C
Nijisanji,東堂コハク,#2C2C2C
Nijisanji,フリオドール,#2C2C2C
Nijisanji,ギルザレンⅢ世,#2C2C2C
Nijisanji,春崎エアル,#2C2C2C
Nijisanji,語部紡,#2C2C2C
Nijisanji,宇志海いちご,#2C2C2C
Nijisanji,御子神琴音,#2C2C2C
Nijisanji,ジール・ギンジョウカ,#2C2C2C
Nijisanji,ミン スゥーハ,#2C2C2C
Nijisanji,愛園愛美,#2C2C2C
Nijisanji,立伝都々,#2C2C2C
Nijisanji,セイブル,#2C2C2C
Nijisanji,渋谷ハジメ,#2C2C2C
Nijisanji,五木左京,#2C2C2C
Nijisanji,クロード クローマーク,#2C2C2C
Nijisanji,梢桃音,#2C2C2C
Nijisanji,モイラ,#2C2C2C
Nijisanji,轟京子,#2C2C2C
Nijisanji,猫屋敷美紅,#2C2C2C
Nijisanji,神永タイガ,#2C2C2C
Nijisanji,水面まどか,#2C2C2C
Nijisanji,天ヶ瀬むゆ,#2C2C2C
Nijisanji,城瀬いすみ,#2C2C2C
Nijisanji,白砂あやね,#2C2C2C
Nijisanji,ハ ユン,#2C2C2C
Nijisanji,皇れお,#2C2C2C
Nijisanji,蝸堂みかる,#2C2C2C
Nijisanji,山田龍一郎,#2C2C2C
Nijisanji,男虎,#2C2C2C
Nijisanji,イ ロハ,#2C2C2C
Nijisanji,十河ののは,#2C2C2C
Nijisanji,飛鳥ひな,#2C2C2C
Nijisanji,篠宮ゆの,#2C2C2C
Nijisanji,塚原大地,#2C2C2C
Nijisanji,クララ チャームウッド,#2C2C2C
Nijisanji,レヨン,#2C2C2C
Nijisanji,ソ ナギ,#2C2C2C
Nijisanji,夜牛詩乃,#2C2C2C
Nijisanji,ナ セラ,#2C2C2C
Nijisanji,小々波いるか,#2C2C2C
Nijisanji,ライラ アルストロエメリア,#2C2C2C
Nijisanji,ぷりん・らら・もーど,#2C2C2C
Nijisanji,ぽめろ・ぱんち,#2C2C2C
Nijisanji,凉舞 バレンウォート,#2C2C2C
Nijisanji,九里詠太,#2C2C2C
Nijisanji,オ ジユ,#2C2C2C
Nijisanji,エトナ クリムソン,#2C2C2C
Nijisanji,明楽レイ,#2C2C2C
Nijisanji,ライ ガリレイ,#2C2C2C
Nijisanji,ガオン,#2C2C2C
Nijisanji,デレム カド,#2C2C2C
Nijisanji,リュ ハリ,#2C2C2C
Nijisanji,ナギサ アルシニア,#2C2C2C
Nijisanji,希维,#2C2C2C
Nijisanji,雾深,#2C2C2C
Nijisanji,惑姫,#2C2C2C
VSPO,一ノ瀬うるは,#A5C1E7
VSPO,小雀とと,#A5C1E7
VSPO,胡桃のあ,#A5C1E7
VSPO,橘ひなの,#A5C1E7
VSPO,如月れん,#A5C1E7
VSPO,兎咲ミミ,#A5C1E7
VSPO,空澄セナ,#A5C1E7
VSPO,英リサ,#A5C1E7
VSPO,神成きゅぴ,#A5C1E7
VSPO,藍沢エマ,#A5C1E7
VSPO,紫宮るな,#A5C1E7
VSPO,猫汰つな,#A5C1E7
VSPO,白波らむね,#A5C1E7
VSPO,小森めと,#A5C1E7
VSPO,夢野あかり,#A5C1E7
VSPO,夜乃くろむ,#A5C1E7
VSPO,紡木こかげ,#A5C1E7
VSPO,蝶屋はなび,#A5C1E7
VSPO,甘結もか,#A5C1E7
VSPO,結崎芹,#A5C1E7
VSPO,水月りく,#A5C1E7